seed,split,cases,policy,updates,case_first_macro_dice
55254,validation,28,B0,10000,0.745541731541324
55254,validation,28,B0,20000,0.8984424911228149
55254,validation,28,B0,30000,0.9235524420355807
55254,validation,28,B1,10000,0.711984587490522
55254,validation,28,B1,20000,0.8964306610683359
55254,validation,28,B1,30000,0.9227759911807879
55254,validation,28,A1,10000,0.7330858227196299
55254,validation,28,A1,20000,0.8977313776167251
55254,validation,28,A1,30000,0.9235484358271514
55254,validation,28,P,10000,0.7967699279121828
55254,validation,28,P,20000,0.9080455252495117
55254,validation,28,P,30000,0.9234132882538643
